aspect,distance,converge,baselevel,fallrain,hillshade,LS,ndvi,plan,profile,slope,temp,wetness,valley
3.265947580000000,74.421661380000003,-2.580637932,402.578338599999995,621.857605000000035,0.863380492000000,4.784824371000000,0.147724926000000,0.000021100000000,0.000027800000000,0.120349437000000,25.988000000000000,7.330843925000000,571.796142600000053
3.265947580000000,74.421661380000003,-2.580637932,402.578338599999995,621.857605000000035,0.863380492000000,4.784824371000000,0.147724926000000,0.000021100000000,0.000027800000000,0.120349437000000,25.988000000000000,7.330843925000000,571.796142600000053
5.564355373000000,79.659759519999994,7.064215660000000,399.340240499999993,621.857605000000035,0.732421696000000,1.187142134000000,0.124096088000000,0.000166397000000,0.000227463000000,0.053100765000000,26.174297520000000,7.321059704000000,572.006469700000025
1.190289974000000,6.023223877000000,-1.799034357,399.976776099999995,627.664611799999989,0.796303988000000,0.925542712000000,0.186055943000000,-0.0000644,-0.000188626,0.026919320000000,24.761896549999999,9.585538864000000,613.455444299999954
1.249045730000000,17.789886469999999,-1.097353101,451.210113499999977,636.092956500000014,0.807468891000000,1.146104097000000,0.111663252000000,-0.000026,-0.0000434,0.047398638000000,26.398429749999998,7.715780258000000,736.743041999999946
2.355820894000000,5.759216309000000,-0.160555556,476.240783700000009,636.092956500000014,0.813685477000000,2.022797585000000,0.150771514000000,-0.000000204,0.000008370000000,0.028287299000000,27.063553720000002,11.329528809999999,767.880371100000048
